id,first_name,last_name,email,gender,ip_address
1,Claudio,Fountaine,cfountaine0@amazon.com,Male,252.112.251.57
2,Lorinda,Hurle,lhurle1@purevolume.com,Female,99.59.145.229
3,Edgar,Haynesford,ehaynesford2@webs.com,Male,210.232.36.23
4,Julius,Brodie,jbrodie3@yellowpages.com,Male,64.113.252.116
5,Harli,Doddemeade,hdoddemeade4@bizjournals.com,Female,83.91.78.243
6,Addison,Jedrasik,ajedrasik5@mlb.com,Male,229.146.142.141
7,Katheryn,Guilliland,kguilliland6@usa.gov,Female,196.181.47.142
8,Edward,Lambertini,elambertini7@blogspot.com,Male,124.205.107.254
9,Lenora,Dymond,ldymond8@t-online.de,Female,184.219.44.23
10,Marjie,Lushey,mlushey9@ustream.tv,Female,119.197.5.68
11,Minni,Feathers,mfeathersa@earthlink.net,Female,209.239.172.246
12,Charleen,Ronald,cronaldb@foxnews.com,Female,236.237.46.227
13,Alexandre,Taig,ataigc@mozilla.org,Male,2.251.51.193
14,Hilton,Davern,hdavernd@statcounter.com,Male,233.80.117.28
15,Jack,Scarlett,jscarlette@virginia.edu,Male,66.185.168.112
16,Cynthea,Timperley,ctimperleyf@infoseek.co.jp,Female,24.16.245.194
17,Piggy,Trench,ptrenchg@yale.edu,Male,4.132.54.206
18,Arie,Braunds,abraundsh@chicagotribune.com,Male,18.240.239.152
19,Anita,Arnaudet,aarnaudeti@spiegel.de,Female,13.5.57.102
20,Mira,Mergue,mmerguej@wufoo.com,Female,12.196.208.128
21,Mary,Gadie,mgadiek@yolasite.com,Female,201.218.53.241
22,Koralle,Langton,klangtonl@miibeian.gov.cn,Female,117.90.70.128
23,Buck,O' Donohoe,bodonohoem@nps.gov,Male,91.148.232.85
24,Deanna,Merton,dmertonn@hibu.com,Female,193.108.41.255
25,Dennison,Hedge,dhedgeo@yolasite.com,Male,51.104.68.23
26,Stoddard,Abbess,sabbessp@vistaprint.com,Female,8.251.72.125
27,Bernelle,Gadie,bgadieq@earthlink.net,Female,150.218.167.233
28,Judy,Besemer,jbesemerr@google.de,Female,164.169.155.5
29,Clarine,Suckling,csucklings@ocn.ne.jp,Female,122.144.13.138
30,Betteann,Rioch,briocht@sakura.ne.jp,Female,84.200.238.132
31,Spike,Maude,smaudeu@w3.org,Male,19.29.200.166
32,Cherye,Liddiard,cliddiardv@creativecommons.org,Female,11.152.49.248
33,Riki,Lamplugh,rlamplughw@usatoday.com,Female,135.154.68.37
34,Wilhelmina,Hunstone,whunstonex@clickbank.net,Female,126.208.239.149
35,Gianna,Rickert,grickerty@1und1.de,Female,228.138.196.202
36,Silvester,Isabell,sisabellz@tinypic.com,Male,205.200.222.63
37,Briney,Rediers,brediers10@samsung.com,Female,152.99.108.208
38,Ange,Brun,abrun11@scientificamerican.com,Male,51.120.28.178
39,Giselle,Duffan,gduffan12@cafepress.com,Female,201.226.230.236
40,Elysha,Andric,eandric13@mapquest.com,Female,138.205.70.197
41,Wyndham,Congram,wcongram14@indiegogo.com,Male,242.102.46.229
42,Essie,Kneebone,ekneebone15@cloudflare.com,Female,227.45.92.19
43,Leicester,Ianiello,lianiello16@europa.eu,Male,117.51.226.224
44,Derrek,Moloney,dmoloney17@techcrunch.com,Male,123.202.206.17
45,Jacquelin,Vine,jvine18@topsy.com,Female,197.166.245.148
46,Bel,Seale,bseale19@gmpg.org,Female,69.240.163.202
47,Allsun,Jolliman,ajolliman1a@com.com,Female,213.112.56.69
48,Crawford,Kleuer,ckleuer1b@furl.net,Male,49.67.212.38
49,Paulie,Joerning,pjoerning1c@bloomberg.com,Female,222.94.113.168
50,Modestine,Jaggs,mjaggs1d@usda.gov,Female,226.151.106.212
51,Elspeth,Noddings,enoddings1e@aol.com,Female,12.111.93.61
52,Bary,Basketfield,bbasketfield1f@icq.com,Male,255.19.13.84
53,Antons,Harroway,aharroway1g@hao123.com,Male,12.106.234.56
54,Ariadne,Spaduzza,aspaduzza1h@wikia.com,Female,191.25.107.201
55,Daphne,Frankish,dfrankish1i@redcross.org,Female,208.226.73.110
56,Arlen,Rodenborch,arodenborch1j@linkedin.com,Female,185.203.89.195
57,Hulda,Etoile,hetoile1k@jigsy.com,Female,172.96.152.31
58,Fabio,Tassel,ftassel1l@123-reg.co.uk,Male,122.189.47.89
59,Hedda,Dohmer,hdohmer1m@techcrunch.com,Female,94.30.46.130
60,Bernardina,Buard,bbuard1n@hubpages.com,Female,255.226.246.58
61,Albina,Dominicacci,adominicacci1o@umn.edu,Female,31.5.242.112
62,Deborah,Beeble,dbeeble1p@biglobe.ne.jp,Female,221.113.95.13
63,Celka,Mowbray,cmowbray1q@icio.us,Female,14.178.125.20
64,Filbert,O'Criane,focriane1r@sourceforge.net,Male,228.205.159.100
65,Edeline,Hedges,ehedges1s@wordpress.com,Female,32.142.31.65
66,Kyle,Dumingo,kdumingo1t@mtv.com,Male,234.21.160.13
67,Janelle,O'Hickee,johickee1u@eepurl.com,Female,19.207.226.244
68,Seth,Corballis,scorballis1v@earthlink.net,Male,24.81.156.216
69,Tudor,Mossman,tmossman1w@tinypic.com,Male,218.211.148.80
70,Brewster,Vernalls,bvernalls1x@ucsd.edu,Male,142.254.2.215
71,Jere,Pellamonuten,jpellamonuten1y@oracle.com,Female,206.178.85.236
72,Leonerd,Cragg,lcragg1z@elegantthemes.com,Male,7.91.76.5
73,Christine,Meaden,cmeaden20@admin.ch,Female,7.30.132.231
74,Tripp,Edgley,tedgley21@exblog.jp,Male,125.119.246.221
75,Katerine,Oene,koene22@aboutads.info,Female,182.234.114.170
76,Edlin,Harkins,eharkins23@so-net.ne.jp,Male,26.218.225.59
77,Dosi,Dabner,ddabner24@pen.io,Female,90.101.143.11
78,Maurine,Lenahan,mlenahan25@gravatar.com,Female,137.92.217.10
79,Ario,Sirkett,asirkett26@indiegogo.com,Male,55.78.214.31
80,Ginger,Ranns,granns27@shinystat.com,Female,90.200.7.113
81,Pancho,Hubane,phubane28@statcounter.com,Male,64.230.176.242
82,Austen,Hoble,ahoble29@va.gov,Male,77.190.202.119
83,Dulcinea,Blowick,dblowick2a@163.com,Female,96.129.217.189
84,Elysha,Cornelius,ecornelius2b@spiegel.de,Female,205.157.72.117
85,Tracey,Kirsch,tkirsch2c@dailymail.co.uk,Male,199.168.117.218
86,Kiele,McGall,kmcgall2d@smugmug.com,Female,163.206.193.55
87,Baldwin,Boichat,bboichat2e@umn.edu,Male,144.175.182.100
88,Freeman,O'Moylan,fomoylan2f@nbcnews.com,Male,206.92.10.92
89,Alard,Hodge,ahodge2g@yolasite.com,Male,97.131.109.247
90,Skipp,Pratton,spratton2h@illinois.edu,Male,29.186.132.98
91,Dillie,Dumbell,ddumbell2i@utexas.edu,Male,173.150.177.199
92,Bidget,Dellenty,bdellenty2j@go.com,Female,248.244.253.206
93,Constantino,Carayol,ccarayol2k@a8.net,Male,74.156.128.227
94,Gnni,Engelbrecht,gengelbrecht2l@printfriendly.com,Female,254.143.170.196
95,Fowler,Tregenna,ftregenna2m@washingtonpost.com,Male,228.211.81.124
96,Colver,Claye,cclaye2n@merriam-webster.com,Male,237.108.29.95
97,Harlan,Waiton,hwaiton2o@unesco.org,Male,41.225.133.15
98,Kym,Tooley,ktooley2p@ovh.net,Female,243.51.176.210
99,Pietra,Comazzo,pcomazzo2q@paypal.com,Female,26.154.65.25
100,Joana,Galletly,jgalletly2r@alibaba.com,Female,13.208.184.17
101,Domini,Cockling,dcockling2s@cyberchimps.com,Female,29.142.7.91
102,Kara,Jaycock,kjaycock2t@google.co.uk,Female,210.138.138.32
103,Heall,Forsey,hforsey2u@lycos.com,Male,198.161.167.7
104,Teodoro,De Haven,tdehaven2v@seesaa.net,Male,232.205.174.209
105,Dominique,Klampt,dklampt2w@ameblo.jp,Male,172.109.83.134
106,Dag,Cardno,dcardno2x@fc2.com,Male,60.57.3.20
107,Teresina,Averay,taveray2y@1688.com,Female,117.169.106.26
108,Helenelizabeth,Hydes,hhydes2z@senate.gov,Female,131.108.152.20
109,Korella,Zanuciolii,kzanuciolii30@cmu.edu,Female,177.102.85.165
110,Calypso,Littlechild,clittlechild31@wufoo.com,Female,131.5.191.186
111,Tab,De Vile,tdevile32@utexas.edu,Male,70.223.241.177
112,Morton,Cozens,mcozens33@imgur.com,Male,1.204.128.138
113,Norene,Hurran,nhurran34@joomla.org,Female,60.15.44.209
114,Milton,Mora,mmora35@over-blog.com,Male,137.0.205.70
115,Adham,Tressler,atressler36@dyndns.org,Male,212.165.130.242
116,Mozes,Cawt,mcawt37@elegantthemes.com,Male,174.78.79.128
117,Jillayne,Leatherborrow,jleatherborrow38@xrea.com,Female,69.130.128.104
118,Fernande,Hasley,fhasley39@fda.gov,Female,89.120.179.187
119,Elias,Codling,ecodling3a@google.pl,Male,163.164.159.194
120,Torrey,Clues,tclues3b@scientificamerican.com,Male,242.130.140.87
121,Cobbie,Leetham,cleetham3c@omniture.com,Male,160.139.224.125
122,Harlin,Donahue,hdonahue3d@qq.com,Male,196.39.155.24
123,Jeffie,Mulliner,jmulliner3e@irs.gov,Male,45.166.2.166
124,Pepi,Norheny,pnorheny3f@dropbox.com,Female,81.157.105.223
125,Burnaby,Danes,bdanes3g@sciencedirect.com,Male,202.42.59.192
126,Justina,Bowkett,jbowkett3h@homestead.com,Female,234.9.100.98
127,Irvin,Caulket,icaulket3i@dropbox.com,Male,242.68.44.236
128,Arlyn,Crickmoor,acrickmoor3j@geocities.jp,Female,203.246.152.226
129,Hillel,Gogay,hgogay3k@oakley.com,Male,152.69.228.128
130,Korrie,McCurley,kmccurley3l@weebly.com,Female,149.44.162.106
131,William,Antoszewski,wantoszewski3m@dailymotion.com,Male,231.21.200.57
132,Susanne,Bardill,sbardill3n@hugedomains.com,Female,102.74.45.184
133,Maximilianus,Cridlon,mcridlon3o@shop-pro.jp,Male,102.146.170.26
134,Florrie,Wyley,fwyley3p@pbs.org,Female,127.188.205.3
135,Virgilio,McGonigal,vmcgonigal3q@hibu.com,Male,172.244.186.138
136,Glynis,Bondy,gbondy3r@uol.com.br,Female,165.136.235.78
137,Cory,Jealous,cjealous3s@miibeian.gov.cn,Female,0.189.31.152
138,Dominique,Vinall,dvinall3t@home.pl,Male,13.181.172.49
139,Zackariah,Coveley,zcoveley3u@wikipedia.org,Male,114.136.232.150
140,Darill,Shippey,dshippey3v@privacy.gov.au,Male,55.121.118.64
141,Jannelle,Viveash,jviveash3w@ocn.ne.jp,Female,43.100.200.41
142,Toinette,Shawl,tshawl3x@techcrunch.com,Female,54.23.193.197
143,Kristopher,Truce,ktruce3y@fda.gov,Male,40.234.190.128
144,Estele,Filipponi,efilipponi3z@bravesites.com,Female,205.100.70.61
145,Bobbi,Lias,blias40@patch.com,Female,135.22.200.42
146,Mose,Polleye,mpolleye41@4shared.com,Male,220.23.204.39
147,Nelson,Kindell,nkindell42@php.net,Male,255.221.230.169
148,Misti,McLeese,mmcleese43@dmoz.org,Female,40.199.234.171
149,Starr,McGahern,smcgahern44@ed.gov,Female,239.198.144.188
150,Bren,Durante,bdurante45@xing.com,Female,80.248.141.14
151,Carlita,Charnley,ccharnley46@pagesperso-orange.fr,Female,10.201.50.158
152,Bertina,Dunnico,bdunnico47@mac.com,Female,119.242.79.235
153,Catharine,Cusiter,ccusiter48@wired.com,Female,227.224.55.168
154,Hort,Sirkett,hsirkett49@xrea.com,Male,205.41.168.223
155,Bibbie,Sergean,bsergean4a@dailymotion.com,Female,182.104.165.19
156,Timmie,Morffew,tmorffew4b@bloomberg.com,Male,136.183.188.228
157,Gino,Glancy,gglancy4c@ucoz.com,Male,71.243.168.184
158,Carree,Bein,cbein4d@sphinn.com,Female,194.213.248.50
159,Dudley,Prin,dprin4e@ibm.com,Male,109.122.39.111
160,Salvador,Bedow,sbedow4f@networkadvertising.org,Male,188.228.23.237
161,Erin,Tingcomb,etingcomb4g@nasa.gov,Male,170.60.126.130
162,Wat,Hardey,whardey4h@slideshare.net,Male,217.117.50.89
163,Arlina,Henze,ahenze4i@kickstarter.com,Female,2.33.193.75
164,Park,Blondell,pblondell4j@multiply.com,Male,20.59.165.250
165,Devondra,Tisor,dtisor4k@nymag.com,Female,99.223.205.247
166,Glynda,Gilcriest,ggilcriest4l@csmonitor.com,Female,107.97.153.55
167,Calida,Biddwell,cbiddwell4m@yolasite.com,Female,36.84.84.140
168,Wilmar,MacCrossan,wmaccrossan4n@kickstarter.com,Male,52.170.255.96
169,Roda,Battrum,rbattrum4o@linkedin.com,Female,181.52.111.98
170,Wilmer,Wield,wwield4p@wikimedia.org,Male,228.208.70.156
171,Romeo,Solly,rsolly4q@digg.com,Male,149.21.142.157
172,Roshelle,Figgs,rfiggs4r@nifty.com,Female,43.18.116.101
173,Linnell,Jewar,ljewar4s@harvard.edu,Female,121.99.140.206
174,Emelina,Yaxley,eyaxley4t@xinhuanet.com,Female,209.27.81.189
175,Maighdiln,Putley,mputley4u@soundcloud.com,Female,250.100.78.105
176,Shalna,Ruppert,sruppert4v@va.gov,Female,226.52.148.116
177,Cobbie,Sudran,csudran4w@wunderground.com,Male,172.180.76.93
178,Ulick,Stalf,ustalf4x@engadget.com,Male,27.209.105.177
179,Winfield,Albone,walbone4y@adobe.com,Male,224.183.209.30
180,Ansell,Furmston,afurmston4z@omniture.com,Male,133.166.187.71
181,Mair,McGavin,mmcgavin50@columbia.edu,Female,82.120.102.230
182,Bastian,Johnes,bjohnes51@is.gd,Male,0.48.49.187
183,Emmalynne,Boules,eboules52@samsung.com,Female,30.60.107.169
184,Davin,Catlin,dcatlin53@free.fr,Male,110.1.246.75
185,Katrina,Barosch,kbarosch54@slashdot.org,Female,88.93.180.65
186,Lorraine,Donaghy,ldonaghy55@yellowpages.com,Female,85.216.37.232
187,Oates,Trundler,otrundler56@princeton.edu,Male,121.51.7.88
188,Gwennie,Skain,gskain57@smugmug.com,Female,162.43.226.176
189,Nikolia,Woodman,nwoodman58@photobucket.com,Female,226.251.26.6
190,Ernie,Machel,emachel59@canalblog.com,Male,51.192.101.176
191,Laurens,Gindghill,lgindghill5a@reverbnation.com,Male,128.70.113.72
192,Jamie,Witty,jwitty5b@google.ca,Male,68.73.230.101
193,Rosetta,Trippitt,rtrippitt5c@china.com.cn,Female,104.162.37.25
194,Stan,Ferryn,sferryn5d@google.ca,Male,255.96.35.69
195,Martie,Fessler,mfessler5e@google.com,Female,248.236.63.229
196,Dag,Tuffrey,dtuffrey5f@altervista.org,Male,82.92.206.105
197,Bourke,Bibby,bbibby5g@is.gd,Male,195.230.113.251
198,Christye,Aucutt,caucutt5h@dyndns.org,Female,199.181.190.211
199,Jean,Eamer,jeamer5i@rakuten.co.jp,Male,112.1.205.178
200,Linzy,Pitrollo,lpitrollo5j@artisteer.com,Female,19.166.98.64
201,Leola,Hallworth,lhallworth5k@nyu.edu,Female,118.240.30.163
202,Holly,Kondrachenko,hkondrachenko5l@dot.gov,Male,76.117.98.246
203,Larry,Cowerd,lcowerd5m@wunderground.com,Male,54.255.233.202
204,Taylor,Albers,talbers5n@hugedomains.com,Male,115.94.23.247
205,Nathan,Kyngdon,nkyngdon5o@elegantthemes.com,Male,153.23.149.117
206,Yuri,Jeavon,yjeavon5p@whitehouse.gov,Male,122.2.134.27
207,Feliks,Breewood,fbreewood5q@twitter.com,Male,49.101.127.184
208,Anna-diane,Drage,adrage5r@chronoengine.com,Female,6.182.105.10
209,Arel,Benoist,abenoist5s@livejournal.com,Male,22.180.33.211
210,Morey,Keely,mkeely5t@scientificamerican.com,Male,84.77.145.76
211,Gonzales,Stairmond,gstairmond5u@istockphoto.com,Male,77.108.212.103
212,Mei,Farady,mfarady5v@istockphoto.com,Female,84.23.138.52
213,Joanne,Hobbing,jhobbing5w@washingtonpost.com,Female,248.158.104.138
214,Barrie,Yeldham,byeldham5x@auda.org.au,Male,159.216.30.190
215,Camellia,Killick,ckillick5y@google.es,Female,74.209.148.203
216,Kalli,Walisiak,kwalisiak5z@sun.com,Female,150.203.34.3
217,Gerta,Broy,gbroy60@cbc.ca,Female,188.100.238.41
218,Whitman,Ughini,wughini61@squidoo.com,Male,40.197.5.3
219,Flossi,Spittle,fspittle62@microsoft.com,Female,240.242.234.36
220,Christin,Fenby,cfenby63@marriott.com,Female,221.8.195.160
221,Tillie,Letten,tletten64@parallels.com,Female,181.41.124.175
222,Franciskus,Straun,fstraun65@dropbox.com,Male,71.28.83.159
223,Dyna,Studart,dstudart66@nature.com,Female,101.253.222.112
224,Hugh,Node,hnode67@studiopress.com,Male,250.138.56.217
225,Dunn,Farfolomeev,dfarfolomeev68@princeton.edu,Male,227.24.18.192
226,Tybalt,Michiel,tmichiel69@deviantart.com,Male,169.174.215.223
227,Carlie,Crispe,ccrispe6a@census.gov,Male,233.172.23.63
228,Wolf,Hatchell,whatchell6b@wufoo.com,Male,244.216.41.29
229,Kathe,Pech,kpech6c@com.com,Female,66.241.205.43
230,Albina,Griffe,agriffe6d@usa.gov,Female,151.47.111.143
231,Dierdre,Surcomb,dsurcomb6e@blogspot.com,Female,211.162.181.176
232,Irving,Geraud,igeraud6f@omniture.com,Male,9.176.245.28
233,Lacee,Antonias,lantonias6g@latimes.com,Female,205.122.231.7
234,Harriette,McNae,hmcnae6h@seattletimes.com,Female,130.240.102.29
235,Ernestine,Borgesio,eborgesio6i@admin.ch,Female,37.77.88.102
236,Frankie,Grinston,fgrinston6j@sciencedaily.com,Male,89.162.198.199
237,Everard,Moroney,emoroney6k@scribd.com,Male,12.132.129.225
238,Case,Clemmitt,cclemmitt6l@huffingtonpost.com,Male,24.116.127.22
239,Rikki,Claige,rclaige6m@purevolume.com,Female,26.193.200.208
240,Wyndham,Lindbergh,wlindbergh6n@spiegel.de,Male,130.247.47.106
241,Arvy,Leveret,aleveret6o@cbsnews.com,Male,205.190.222.140
242,Brigida,Ludlam,bludlam6p@technorati.com,Female,95.212.147.192
243,Maisie,Paine,mpaine6q@theatlantic.com,Female,79.137.99.59
244,Clim,Hartegan,chartegan6r@arstechnica.com,Male,145.237.240.196
245,Blake,Nouch,bnouch6s@hubpages.com,Male,117.14.144.140
246,Tammie,Alenin,talenin6t@nature.com,Female,152.173.114.121
247,Shayne,Tunnoch,stunnoch6u@youtu.be,Female,8.47.249.227
248,Arty,Ivakin,aivakin6v@amazonaws.com,Male,209.169.73.231
249,Stevy,Boldry,sboldry6w@wordpress.org,Male,126.78.242.48
250,Wilfred,Hamlett,whamlett6x@house.gov,Male,46.41.219.92
251,Felipe,Ransley,fransley6y@bing.com,Male,253.207.107.58
252,Jarrett,Clapham,jclapham6z@wp.com,Male,186.60.168.16
253,Pippa,Grishelyov,pgrishelyov70@ning.com,Female,198.43.24.58
254,Carter,Janway,cjanway71@economist.com,Male,113.164.100.195
255,Chester,Delgadillo,cdelgadillo72@domainmarket.com,Male,82.39.247.73
256,Mellicent,Elphee,melphee73@shutterfly.com,Female,44.77.63.237
257,Micki,Withur,mwithur74@cmu.edu,Female,245.216.127.48
258,Iolande,Yezafovich,iyezafovich75@ezinearticles.com,Female,202.23.164.182
259,Sterne,Warhurst,swarhurst76@themeforest.net,Male,207.65.146.19
260,Bren,Pattison,bpattison77@google.ca,Male,246.170.83.110
261,Amberly,Dewsnap,adewsnap78@columbia.edu,Female,77.207.243.210
262,Neale,Kindall,nkindall79@tuttocitta.it,Male,79.123.200.8
263,Francyne,Kilcullen,fkilcullen7a@twitpic.com,Female,7.8.219.184
264,Kyle,Gullifant,kgullifant7b@angelfire.com,Female,50.114.10.169
265,Felecia,Peele,fpeele7c@sciencedaily.com,Female,167.44.105.48
266,Rivalee,Gregolotti,rgregolotti7d@wikimedia.org,Female,100.58.204.65
267,Mikol,Itzkovitch,mitzkovitch7e@oracle.com,Male,132.240.165.33
268,Ado,Toulson,atoulson7f@si.edu,Male,242.144.144.222
269,Malvin,MacKeague,mmackeague7g@stanford.edu,Male,55.27.24.138
270,Rikki,Peiser,rpeiser7h@bing.com,Male,216.208.44.216
271,Elsworth,Pllu,epllu7i@xinhuanet.com,Male,251.236.229.179
272,Salomo,Grzeszczyk,sgrzeszczyk7j@paypal.com,Male,33.68.22.135
273,Merrick,Shmyr,mshmyr7k@indiegogo.com,Male,247.35.164.201
274,Sibelle,Tremlett,stremlett7l@irs.gov,Female,211.8.87.179
275,Adolf,Fehners,afehners7m@narod.ru,Male,37.13.70.120
276,Carole,Oxford,coxford7n@princeton.edu,Female,221.48.98.104
277,Isidro,Hovey,ihovey7o@amazonaws.com,Male,237.15.49.158
278,Faunie,Ceschi,fceschi7p@360.cn,Female,22.92.174.175
279,Mendel,Pirrey,mpirrey7q@tinyurl.com,Male,250.119.168.62
280,Mitchael,Loudiane,mloudiane7r@stanford.edu,Male,62.196.17.12
281,Noam,Klaes,nklaes7s@tinyurl.com,Male,96.179.241.168
282,Marj,McCluney,mmccluney7t@bandcamp.com,Female,165.219.63.183
283,Peirce,Karlowicz,pkarlowicz7u@mayoclinic.com,Male,67.45.248.25
284,Lela,Tomasz,ltomasz7v@is.gd,Female,171.98.148.240
285,Kenny,Lambertz,klambertz7w@va.gov,Male,40.25.247.208
286,Marchelle,O'Ferris,moferris7x@webs.com,Female,208.227.236.163
287,Orelee,Pepperrall,opepperrall7y@t-online.de,Female,0.117.175.156
288,Justine,Hospital,jhospital7z@mit.edu,Female,207.132.118.13
289,Maxy,Gorger,mgorger80@google.co.jp,Male,250.191.100.90
290,Skylar,Hember,shember81@odnoklassniki.ru,Male,30.78.58.227
291,Ronny,Boyack,rboyack82@blogtalkradio.com,Male,233.46.122.226
292,Birk,Jacklin,bjacklin83@tripod.com,Male,212.46.143.112
293,Batholomew,Egan,began84@livejournal.com,Male,65.37.136.33
294,Abbe,Brundall,abrundall85@hibu.com,Female,72.58.106.185
295,Burke,Worrell,bworrell86@goo.ne.jp,Male,68.10.245.157
296,Jami,Da Costa,jdacosta87@cornell.edu,Female,238.227.227.112
297,Willem,Hoffner,whoffner88@businessweek.com,Male,235.218.224.226
298,Salvatore,Dawkins,sdawkins89@cloudflare.com,Male,187.15.54.39
299,Mahmud,Winny,mwinny8a@mozilla.org,Male,90.172.188.200
300,Ashly,Bruntjen,abruntjen8b@wikia.com,Female,122.150.214.42
301,Edmund,Perico,eperico8c@studiopress.com,Male,196.59.240.66
302,Yovonnda,Bearn,ybearn8d@tamu.edu,Female,47.216.87.95
303,Bernhard,Wicklin,bwicklin8e@usgs.gov,Male,39.232.228.24
304,Stephie,Rumming,srumming8f@archive.org,Female,209.114.25.185
305,Isak,Baughen,ibaughen8g@intel.com,Male,244.244.97.121
306,Bendicty,Matushevich,bmatushevich8h@disqus.com,Male,11.237.253.204
307,Lionello,Bertouloume,lbertouloume8i@wufoo.com,Male,133.119.127.152
308,Nora,Dargie,ndargie8j@amazon.de,Female,58.188.9.16
309,Jessi,Duffin,jduffin8k@hexun.com,Female,34.93.22.189
310,Carlyn,Upwood,cupwood8l@wired.com,Female,49.172.124.197
311,Hatty,Bowick,hbowick8m@wufoo.com,Female,12.57.100.232
312,Norri,Wythe,nwythe8n@chron.com,Female,35.138.19.210
313,Jordon,Eeles,jeeles8o@themeforest.net,Male,110.18.80.227
314,Kean,Pickrell,kpickrell8p@narod.ru,Male,14.77.128.142
315,Zitella,Stickles,zstickles8q@intel.com,Female,242.247.205.111
316,Killian,Lagadu,klagadu8r@posterous.com,Male,37.143.92.68
317,Sigrid,Byrne,sbyrne8s@nationalgeographic.com,Female,90.215.202.36
318,Charmine,Halsho,chalsho8t@google.com.br,Female,157.157.72.191
319,Linnet,Ciabatteri,lciabatteri8u@1688.com,Female,168.179.12.143
320,Hildegarde,Murrigan,hmurrigan8v@fema.gov,Female,182.159.94.205
321,Araldo,Bastow,abastow8w@jigsy.com,Male,191.151.169.214
322,Addy,Delepine,adelepine8x@soup.io,Male,7.41.221.106
323,Iona,Ingleson,iingleson8y@sciencedirect.com,Female,28.124.156.82
324,Bernie,McGhee,bmcghee8z@1und1.de,Male,226.26.183.24
325,Alan,Vuitton,avuitton90@mapy.cz,Male,131.31.134.236
326,Cullen,Browse,cbrowse91@mozilla.org,Male,50.150.247.113
327,Jaye,Darthe,jdarthe92@ezinearticles.com,Male,106.41.148.171
328,Lila,Isgate,lisgate93@virginia.edu,Female,50.111.85.135
329,Barnett,McVane,bmcvane94@paginegialle.it,Male,124.96.18.0
330,Mikkel,Najera,mnajera95@reuters.com,Male,95.99.38.146
331,Bert,Youel,byouel96@printfriendly.com,Female,9.104.161.166
332,Jenine,Boot,jboot97@sun.com,Female,73.57.189.138
333,Phyllis,Broadbere,pbroadbere98@bing.com,Female,128.171.173.218
334,Chad,Fears,cfears99@cargocollective.com,Male,22.120.220.127
335,Coral,Stocky,cstocky9a@nifty.com,Female,49.76.179.206
336,Louella,Brehat,lbrehat9b@miibeian.gov.cn,Female,222.200.73.124
337,Samson,Gaukroger,sgaukroger9c@yahoo.com,Male,12.19.206.246
338,Christina,Bosden,cbosden9d@gizmodo.com,Female,72.59.194.171
339,Aurore,Hentze,ahentze9e@mozilla.org,Female,10.82.96.179
340,Janel,Queen,jqueen9f@fema.gov,Female,92.138.19.151
341,Maritsa,Brotherwood,mbrotherwood9g@irs.gov,Female,26.152.130.191
342,Arabele,Wallach,awallach9h@mysql.com,Female,168.86.154.186
343,Jeniffer,Heintz,jheintz9i@istockphoto.com,Female,227.105.61.64
344,Tristan,Ilbert,tilbert9j@who.int,Male,100.4.80.120
345,Nicolis,Wyldbore,nwyldbore9k@businessweek.com,Male,76.242.145.134
346,Tabatha,Waye,twaye9l@ucoz.ru,Female,210.124.118.180
347,Rhea,Hayball,rhayball9m@reuters.com,Female,97.178.109.222
348,Even,Cavill,ecavill9n@free.fr,Male,84.207.101.85
349,Aubert,Runham,arunham9o@webnode.com,Male,174.90.234.70
350,Vaclav,Ferbrache,vferbrache9p@washingtonpost.com,Male,68.183.241.155
351,Mariana,Cadge,mcadge9q@wix.com,Female,235.94.63.101
352,Toddie,Philipson,tphilipson9r@yahoo.com,Male,106.172.189.27
353,Pembroke,Gibbs,pgibbs9s@purevolume.com,Male,12.148.57.4
354,Norman,Geeson,ngeeson9t@bravesites.com,Male,8.191.11.224
355,Neddy,Dacey,ndacey9u@infoseek.co.jp,Male,199.221.45.17
356,Page,Ferraresi,pferraresi9v@yale.edu,Female,59.72.255.118
357,Cosmo,Phelip,cphelip9w@dailymotion.com,Male,246.28.195.209
358,Lennie,Shawell,lshawell9x@bluehost.com,Male,16.9.98.234
359,Domingo,Gislebert,dgislebert9y@google.es,Male,205.198.205.42
360,Carlita,Boylan,cboylan9z@miitbeian.gov.cn,Female,234.225.49.70
361,Garik,Espinheira,gespinheiraa0@google.ca,Male,110.126.145.243
362,Gauthier,Powis,gpowisa1@illinois.edu,Male,77.227.36.36
363,Kristin,Kyndred,kkyndreda2@bluehost.com,Female,233.17.33.203
364,Kale,Kleinstern,kkleinsterna3@theguardian.com,Male,229.248.10.108
365,Catlin,Greatorex,cgreatorexa4@cnn.com,Female,191.149.83.6
366,Stillman,Gaw,sgawa5@cocolog-nifty.com,Male,8.134.156.173
367,Tye,Dumberell,tdumberella6@bloomberg.com,Male,63.71.139.94
368,Chancey,Corwood,ccorwooda7@oaic.gov.au,Male,205.125.234.98
369,Charlton,Bercher,cberchera8@sakura.ne.jp,Male,96.52.230.238
370,Lorine,Fancy,lfancya9@weibo.com,Female,190.92.106.59
371,Daven,Westrey,dwestreyaa@nyu.edu,Male,167.171.45.229
372,Brigida,Van Velden,bvanveldenab@pbs.org,Female,226.44.165.121
373,Robina,Riping,rripingac@purevolume.com,Female,83.124.66.192
374,Penn,Watton,pwattonad@tinypic.com,Male,107.154.183.114
375,Audre,Whitesel,awhiteselae@army.mil,Female,96.35.151.126
376,Jazmin,Frisch,jfrischaf@sphinn.com,Female,32.160.93.119
377,Tana,Sennett,tsennettag@boston.com,Female,246.104.102.237
378,Wyn,Lovel,wlovelah@people.com.cn,Male,33.9.152.74
379,Jonathon,Thorrington,jthorringtonai@com.com,Male,47.240.211.148
380,Evie,Raymont,eraymontaj@yelp.com,Female,44.219.211.117
381,Harlen,Paulmann,hpaulmannak@pbs.org,Male,81.144.198.46
382,Dunstan,O'Mannion,domannional@theglobeandmail.com,Male,136.108.58.121
383,Guillaume,Skittles,gskittlesam@tamu.edu,Male,14.165.242.84
384,Kimmi,Pridie,kpridiean@hc360.com,Female,35.79.55.102
385,Marvin,MacKain,mmackainao@apple.com,Male,248.107.8.23
386,Arturo,Stockin,astockinap@yandex.ru,Male,64.255.12.93
387,Merrick,Eastment,meastmentaq@newyorker.com,Male,98.9.8.12
388,Tyrone,Leversuch,tleversuchar@mac.com,Male,221.239.104.62
389,Issie,Rosenschein,irosenscheinas@nifty.com,Female,76.11.144.33
390,Vlad,Hardaway,vhardawayat@yellowbook.com,Male,137.141.187.34
391,Benedikta,Stubbin,bstubbinau@businesswire.com,Female,197.21.76.247
392,Ruthy,Hullbrook,rhullbrookav@xinhuanet.com,Female,67.197.238.223
393,Fanchon,Hynes,fhynesaw@hud.gov,Female,105.30.202.15
394,Syd,Dearle-Palser,sdearlepalserax@ed.gov,Male,51.39.8.135
395,Karen,Laxon,klaxonay@wired.com,Female,172.70.95.89
396,Mitchael,Cheson,mchesonaz@earthlink.net,Male,173.111.226.125
397,Minnnie,Longstaffe,mlongstaffeb0@gmpg.org,Female,174.237.202.241
398,Tasha,Pauly,tpaulyb1@networkadvertising.org,Female,129.122.171.194
399,Benny,Dalliston,bdallistonb2@desdev.cn,Male,67.4.158.202
400,Bobinette,Coronado,bcoronadob3@ted.com,Female,141.59.77.167
401,Phelia,Kimber,pkimberb4@freewebs.com,Female,69.112.112.132
402,Devland,Spiteri,dspiterib5@soup.io,Male,115.243.212.64
403,Prentice,Burchnall,pburchnallb6@indiegogo.com,Male,117.215.247.125
404,Wesley,Budgett,wbudgettb7@parallels.com,Male,105.222.17.0
405,Alexandrina,Sinnett,asinnettb8@thetimes.co.uk,Female,45.8.17.208
406,Wilmer,Edgeon,wedgeonb9@dedecms.com,Male,133.89.113.102
407,Perren,Erat,peratba@dell.com,Male,43.177.108.252
408,Brice,Rounsivall,brounsivallbb@de.vu,Male,130.10.129.42
409,Elvera,Barlass,ebarlassbc@ustream.tv,Female,70.51.18.149
410,Penrod,Ferrers,pferrersbd@economist.com,Male,89.27.78.68
411,Yehudit,Pascall,ypascallbe@nhs.uk,Male,218.75.205.104
412,Easter,Taynton,etayntonbf@is.gd,Female,168.161.91.157
413,Arnie,Fullwood,afullwoodbg@bloglines.com,Male,132.69.211.153
414,Jemimah,MacGillicuddy,jmacgillicuddybh@reference.com,Female,120.124.253.10
415,Silvain,Luggar,sluggarbi@google.cn,Male,246.21.162.177
416,Clotilda,Walklate,cwalklatebj@tamu.edu,Female,7.33.68.19
417,Elliott,Cameli,ecamelibk@ovh.net,Male,55.144.66.198
418,Malinde,Ashwin,mashwinbl@blogspot.com,Female,54.83.26.111
419,Shamus,Dunkerton,sdunkertonbm@webeden.co.uk,Male,237.254.78.176
420,Sterne,Buckler,sbucklerbn@yellowpages.com,Male,114.206.26.82
421,Milissent,Mattedi,mmattedibo@pinterest.com,Female,164.221.29.14
422,Corbett,Aldin,caldinbp@nationalgeographic.com,Male,16.139.93.129
423,Marcellus,Dawney,mdawneybq@accuweather.com,Male,18.246.189.57
424,Franny,Turney,fturneybr@imdb.com,Male,235.90.195.2
425,Emelita,Devers,edeversbs@sun.com,Female,241.3.195.199
426,Corena,Sayward,csaywardbt@stanford.edu,Female,145.236.83.117
427,Bronny,Raiment,braimentbu@so-net.ne.jp,Male,93.15.177.217
428,Letty,Ausello,lausellobv@feedburner.com,Female,104.186.244.195
429,Meggy,Rudeforth,mrudeforthbw@bandcamp.com,Female,17.114.241.30
430,Angeli,Telling,atellingbx@newyorker.com,Male,130.194.110.27
431,Pepe,Cotton,pcottonby@telegraph.co.uk,Male,1.26.161.197
432,Corrie,Di Bartolomeo,cdibartolomeobz@liveinternet.ru,Female,200.192.155.156
433,Hannie,Pracy,hpracyc0@gravatar.com,Female,77.200.216.118
434,Alvera,Sharland,asharlandc1@bluehost.com,Female,215.232.117.57
435,Xylia,Ramelet,xrameletc2@tiny.cc,Female,90.200.208.99
436,Muire,Letterick,mletterickc3@deliciousdays.com,Female,145.46.86.168
437,Tabby,Abbie,tabbiec4@patch.com,Female,117.160.38.169
438,Auberta,Newbury,anewburyc5@vimeo.com,Female,51.228.160.80
439,Moises,Buckner,mbucknerc6@shareasale.com,Male,240.18.144.59
440,Harlene,Messer,hmesserc7@loc.gov,Female,29.137.97.174
441,Rebecka,Petford,rpetfordc8@list-manage.com,Female,191.152.231.8
442,Kattie,Tadd,ktaddc9@mozilla.com,Female,24.172.177.114
443,Violetta,Dugall,vdugallca@livejournal.com,Female,238.184.170.247
444,Sinclair,Hadaway,shadawaycb@rediff.com,Male,97.99.149.103
445,Mord,Gisby,mgisbycc@foxnews.com,Male,192.110.117.238
446,Adria,Scanlin,ascanlincd@dot.gov,Female,167.67.43.186
447,Trula,Roddie,troddiece@va.gov,Female,85.226.41.104
448,Audie,Domenget,adomengetcf@imageshack.us,Female,57.211.244.175
449,Todd,Hlavac,thlavaccg@posterous.com,Male,53.65.80.225
450,Tremain,Antic,tanticch@independent.co.uk,Male,159.174.183.222
451,Jordanna,Paquet,jpaquetci@cnet.com,Female,248.17.184.88
452,Corny,Kneafsey,ckneafseycj@google.cn,Male,83.246.129.207
453,Finlay,Castro,fcastrock@unblog.fr,Male,16.91.96.18
454,Odessa,Jaggard,ojaggardcl@blogs.com,Female,149.17.114.84
455,Regen,Iwanicki,riwanickicm@devhub.com,Male,180.180.40.90
456,Derril,Dovinson,ddovinsoncn@salon.com,Male,51.54.114.167
457,Marc,Cracknall,mcracknallco@twitter.com,Male,69.7.142.231
458,Linn,McGillivray,lmcgillivraycp@utexas.edu,Male,25.17.188.52
459,Eb,Gulliver,egullivercq@sun.com,Male,41.56.133.68
460,Judah,Duddin,jduddincr@moonfruit.com,Male,251.254.94.205
461,Urban,Litster,ulitstercs@cbsnews.com,Male,184.31.68.189
462,Rosina,Breyt,rbreytct@macromedia.com,Female,170.181.76.228
463,Hodge,Coughtrey,hcoughtreycu@comcast.net,Male,35.246.220.111
464,Kattie,Gosswell,kgosswellcv@bbc.co.uk,Female,133.82.131.197
465,Gertie,Gandrich,ggandrichcw@ehow.com,Female,86.159.253.48
466,Ferdinanda,Thackwray,fthackwraycx@uol.com.br,Female,198.238.36.15
467,Diane-marie,Kalaher,dkalahercy@whitehouse.gov,Female,167.158.245.222
468,Wolfy,Schechter,wschechtercz@google.de,Male,201.92.47.230
469,Marcelo,Mosedill,mmosedilld0@fema.gov,Male,135.45.110.53
470,Cassaundra,Kiehnlt,ckiehnltd1@gizmodo.com,Female,31.80.215.219
471,Cleon,Drissell,cdrisselld2@amazon.de,Male,12.179.18.23
472,Lacee,Adenet,ladenetd3@infoseek.co.jp,Female,102.84.236.15
473,Mathilde,Ouver,mouverd4@shutterfly.com,Female,34.216.217.23
474,Bobbi,Winspare,bwinspared5@dedecms.com,Female,164.102.160.17
475,Zelma,Grundwater,zgrundwaterd6@sourceforge.net,Female,215.3.20.93
476,Dicky,Shervil,dshervild7@yelp.com,Male,36.149.197.205
477,Hi,Micka,hmickad8@zdnet.com,Male,246.70.74.4
478,George,Legrice,glegriced9@ehow.com,Female,139.250.169.208
479,Irwin,Fend,ifendda@blogger.com,Male,103.88.128.195
480,Jock,Lille,jlilledb@behance.net,Male,110.187.60.214
481,Philipa,Pridding,ppriddingdc@php.net,Female,185.154.154.245
482,Spencer,Dillinger,sdillingerdd@oaic.gov.au,Male,123.132.61.88
483,Megan,Arber,marberde@nhs.uk,Female,105.2.249.48
484,Sonja,Jaszczak,sjaszczakdf@ask.com,Female,25.88.34.178
485,Wallace,Lonnon,wlonnondg@sogou.com,Male,163.130.77.123
486,Archibold,Geddes,ageddesdh@nationalgeographic.com,Male,236.14.159.224
487,Zarah,McTeggart,zmcteggartdi@themeforest.net,Female,175.125.10.58
488,Gay,Hares,gharesdj@vimeo.com,Male,121.246.180.179
489,Park,Trammel,ptrammeldk@deviantart.com,Male,71.72.73.52
490,Brucie,Fannon,bfannondl@nyu.edu,Male,186.172.233.63
491,Nicola,Iacomo,niacomodm@vinaora.com,Male,32.215.33.170
492,George,Swannick,gswannickdn@smh.com.au,Female,68.178.215.3
493,Lilah,Glede,lglededo@ocn.ne.jp,Female,248.56.98.177
494,Kelcy,Methley,kmethleydp@usa.gov,Female,225.30.155.40
495,Trumann,Meiner,tmeinerdq@ucla.edu,Male,83.74.227.142
496,Kelcie,Arno,karnodr@loc.gov,Female,99.133.105.84
497,Reidar,Mockes,rmockesds@google.com,Male,132.9.152.177
498,Kristofor,Aitchinson,kaitchinsondt@biblegateway.com,Male,97.105.74.75
499,Evelyn,French,efrenchdu@so-net.ne.jp,Male,169.159.83.38
500,Vanda,Prue,vpruedv@stanford.edu,Female,98.216.139.81
501,Editha,Osborn,eosborndw@toplist.cz,Female,1.46.157.191
502,Clim,Pendergrast,cpendergrastdx@deviantart.com,Male,195.22.224.204
503,Helen,Tonge,htongedy@epa.gov,Female,47.210.228.251
504,Jenelle,Goulborn,jgoulborndz@ox.ac.uk,Female,32.24.12.205
505,Giulietta,Defries,gdefriese0@g.co,Female,67.58.203.217
506,Zach,Franklyn,zfranklyne1@unblog.fr,Male,198.39.194.209
507,Barth,Matzl,bmatzle2@storify.com,Male,47.234.89.229
508,Kessiah,Henstone,khenstonee3@sbwire.com,Female,173.164.81.29
509,Cos,Thunnercliffe,cthunnercliffee4@wikipedia.org,Male,123.157.43.100
510,Adrianne,Gioan,agioane5@ehow.com,Female,85.209.48.101
511,Jamima,Runciman,jruncimane6@pcworld.com,Female,153.44.234.79
512,Crichton,Gascoigne,cgascoignee7@printfriendly.com,Male,56.194.29.75
513,Celestia,Copson,ccopsone8@globo.com,Female,106.41.114.248
514,Dominique,Andreev,dandreeve9@ning.com,Female,95.84.56.135
515,Kristyn,Corrigan,kcorriganea@about.me,Female,160.112.161.13
516,Cornelia,Haseman,chasemaneb@gmpg.org,Female,112.68.134.25
517,Nellie,Polley,npolleyec@techcrunch.com,Female,38.196.193.161
518,Lorry,Brangan,lbranganed@eventbrite.com,Female,68.44.2.233
519,Sibbie,Wilcher,swilcheree@answers.com,Female,37.140.242.143
520,Nehemiah,Oliver,noliveref@ed.gov,Male,110.255.250.11
521,Beatrix,Filliskirk,bfilliskirkeg@homestead.com,Female,220.81.28.162
522,Ax,des Remedios,adesremedioseh@virginia.edu,Male,52.2.41.191
523,Nicki,Jowitt,njowittei@utexas.edu,Female,150.79.61.219
524,Fleur,Moxsom,fmoxsomej@sfgate.com,Female,150.115.173.239
525,Irvin,Slott,islottek@imageshack.us,Male,154.52.85.27
526,Gerri,Guilfoyle,gguilfoyleel@usnews.com,Female,123.220.101.26
527,Katine,Daburn,kdaburnem@typepad.com,Female,34.154.97.9
528,Floris,Malin,fmalinen@eventbrite.com,Female,103.197.152.136
529,Brendis,Braley,bbraleyeo@google.com.br,Male,66.215.146.154
530,Bellanca,Wynter,bwynterep@comsenz.com,Female,49.247.20.186
531,Sigfrid,Mostyn,smostyneq@army.mil,Male,198.216.148.8
532,Wake,Gerin,wgeriner@adobe.com,Male,118.220.155.155
533,Deny,Straffon,dstraffones@reference.com,Female,2.175.122.36
534,Darby,Nisbet,dnisbetet@epa.gov,Male,200.18.176.250
535,Philly,Kornel,pkorneleu@tripod.com,Female,10.201.131.222
536,Wolf,Mayberry,wmayberryev@opera.com,Male,67.158.69.37
537,Ramsey,Twohig,rtwohigew@chicagotribune.com,Male,43.48.227.162
538,Alissa,Millar,amillarex@va.gov,Female,237.184.42.203
539,Darbee,Braden,dbradeney@360.cn,Male,29.137.48.62
540,Alysa,Crutchfield,acrutchfieldez@mayoclinic.com,Female,1.172.252.52
541,Prue,Clampett,pclampettf0@4shared.com,Female,29.39.16.180
542,Major,Tatton,mtattonf1@list-manage.com,Male,172.178.135.190
543,Fitzgerald,O'Calleran,focalleranf2@tinyurl.com,Male,18.146.176.133
544,Phillipe,Luto,plutof3@seesaa.net,Male,65.77.252.168
545,Rasla,Brangan,rbranganf4@google.de,Female,248.86.55.82
546,Ingrim,Bizzey,ibizzeyf5@cbsnews.com,Male,43.127.14.217
547,Tarra,Trumble,ttrumblef6@bbb.org,Female,156.3.134.59
548,Paige,Parnby,pparnbyf7@chron.com,Female,206.222.39.169
549,Jermaine,Korneichuk,jkorneichukf8@cdc.gov,Male,230.171.75.148
550,Eadie,Ragg,eraggf9@weibo.com,Female,168.125.42.215
551,Brigham,Paxeford,bpaxefordfa@yolasite.com,Male,185.227.158.159
552,Flossie,Broadbury,fbroadburyfb@1688.com,Female,31.18.2.145
553,Edwina,Asson,eassonfc@salon.com,Female,39.171.16.46
554,Faythe,Jellico,fjellicofd@google.co.uk,Female,191.48.154.111
555,Andres,Cawt,acawtfe@virginia.edu,Male,54.63.185.129
556,Chico,Causley,ccausleyff@google.co.jp,Male,95.127.99.226
557,Ferdinanda,Lange,flangefg@pagesperso-orange.fr,Female,95.179.234.200
558,Delinda,McCudden,dmccuddenfh@theglobeandmail.com,Female,112.116.181.196
559,Sherrie,Haugeh,shaugehfi@howstuffworks.com,Female,198.129.34.209
560,Hasheem,Abrahamsen,habrahamsenfj@fastcompany.com,Male,221.77.209.130
561,Leonore,Maryan,lmaryanfk@oaic.gov.au,Female,47.253.121.143
562,Abagail,Simonard,asimonardfl@un.org,Female,116.30.191.169
563,Samuele,Letessier,sletessierfm@squidoo.com,Male,26.161.112.26
564,Colet,Lasselle,classellefn@shop-pro.jp,Male,61.205.149.24
565,Kessiah,De Bruin,kdebruinfo@about.com,Female,74.165.232.199
566,Maxim,Garthland,mgarthlandfp@yolasite.com,Male,97.118.202.2
567,Ragnar,Christoforou,rchristoforoufq@biglobe.ne.jp,Male,7.47.41.216
568,Pam,Stepto,psteptofr@bravesites.com,Female,9.226.26.0
569,Jeannette,Shimon,jshimonfs@hugedomains.com,Female,33.79.101.146
570,Thorndike,Ballston,tballstonft@google.com,Male,18.24.184.37
571,Corny,Martyntsev,cmartyntsevfu@360.cn,Female,116.181.240.94
572,Joice,Olek,jolekfv@wikia.com,Female,254.168.179.156
573,Alexandr,Tomsett,atomsettfw@businesswire.com,Male,54.224.0.51
574,Ellsworth,Mager,emagerfx@va.gov,Male,129.100.134.23
575,Thorn,MacTague,tmactaguefy@cdc.gov,Male,92.5.1.117
576,Niall,Chaves,nchavesfz@oakley.com,Male,90.207.44.46
577,Dulcea,Easun,deasung0@typepad.com,Female,66.155.102.26
578,Berky,Romanin,bromaning1@php.net,Male,54.14.21.14
579,Moshe,Lehr,mlehrg2@home.pl,Male,64.107.4.85
580,Ag,Monaghan,amonaghang3@themeforest.net,Female,44.182.136.173
581,Niels,Chesshyre,nchesshyreg4@arstechnica.com,Male,238.142.182.34
582,Leta,Mosley,lmosleyg5@who.int,Female,15.155.70.186
583,Cherin,Silberschatz,csilberschatzg6@admin.ch,Female,229.41.175.245
584,Seymour,Eversfield,seversfieldg7@ifeng.com,Male,78.211.63.85
585,Lizzie,MacGuffog,lmacguffogg8@e-recht24.de,Female,255.62.225.1
586,Myrtle,Elegood,melegoodg9@google.co.jp,Female,53.210.35.10
587,Loreen,Wicklen,lwicklenga@indiegogo.com,Female,4.125.46.110
588,Heywood,McCrachen,hmccrachengb@ustream.tv,Male,236.206.39.251
589,Ilyssa,Yearnes,iyearnesgc@intel.com,Female,212.158.107.226
590,Mable,Witham,mwithamgd@miitbeian.gov.cn,Female,124.30.81.118
591,Iggie,Kettlesting,ikettlestingge@g.co,Male,12.131.12.219
592,Hogan,Sturrock,hsturrockgf@github.io,Male,163.159.105.182
593,Hervey,Dalyell,hdalyellgg@macromedia.com,Male,149.166.147.39
594,Hermine,Rawstorn,hrawstorngh@umich.edu,Female,250.19.143.204
595,Kari,Langstone,klangstonegi@123-reg.co.uk,Female,111.94.237.244
596,Anna-maria,Towse,atowsegj@pen.io,Female,251.244.42.137
597,Linette,Poltun,lpoltungk@gnu.org,Female,0.122.49.234
598,Trudy,Preuvost,tpreuvostgl@opera.com,Female,45.147.99.45
599,Maudie,Hayley,mhayleygm@unesco.org,Female,66.109.169.25
600,Ange,Dyott,adyottgn@nyu.edu,Female,238.114.82.22
601,Prentiss,Gauler,pgaulergo@soundcloud.com,Male,180.110.41.22
602,Sidney,Seawright,sseawrightgp@paginegialle.it,Male,207.163.102.103
603,Gretta,Gauvin,ggauvingq@angelfire.com,Female,166.4.107.226
604,Raddy,Till,rtillgr@github.com,Male,251.139.30.21
605,Rodolph,Jessope,rjessopegs@noaa.gov,Male,134.131.221.142
606,Merci,Kinker,mkinkergt@blogs.com,Female,112.230.5.141
607,Augustine,Whittaker,awhittakergu@phoca.cz,Female,104.104.151.8
608,Thelma,MacRorie,tmacroriegv@vistaprint.com,Female,58.182.237.250
609,Buddie,Piell,bpiellgw@wsj.com,Male,204.143.108.173
610,Honor,Minter,hmintergx@reference.com,Female,124.80.66.92
611,Ann,Bortolotti,abortolottigy@163.com,Female,110.83.108.110
612,Marget,Sangster,msangstergz@exblog.jp,Female,24.59.255.143
613,Bernelle,Rutherforth,brutherforthh0@huffingtonpost.com,Female,234.61.77.127
614,Keelby,McGuiney,kmcguineyh1@google.cn,Male,102.104.144.206
615,Mycah,Izat,mizath2@barnesandnoble.com,Male,16.5.130.101
616,Margery,Jery,mjeryh3@flickr.com,Female,20.175.255.8
617,Sanford,Lackinton,slackintonh4@globo.com,Male,227.179.40.179
618,Anatole,Redgewell,aredgewellh5@multiply.com,Male,99.250.160.0
619,Matthus,Hendrickx,mhendrickxh6@issuu.com,Male,240.7.199.195
620,Doria,Dyball,ddyballh7@oaic.gov.au,Female,109.110.89.167
621,Tibold,Usmar,tusmarh8@abc.net.au,Male,2.148.227.103
622,Sidoney,Awty,sawtyh9@nhs.uk,Female,55.115.173.193
623,Kacie,Trulocke,ktrulockeha@newyorker.com,Female,235.216.227.11
624,Julissa,Overbury,joverburyhb@blogspot.com,Female,82.170.133.195
625,Jarrett,Lamperd,jlamperdhc@state.gov,Male,130.61.131.34
626,Cosette,Koop,ckoophd@ed.gov,Female,237.211.137.151
627,Ailyn,McGeouch,amcgeouchhe@china.com.cn,Female,88.241.97.48
628,Xylina,Polo,xpolohf@smugmug.com,Female,67.3.176.54
629,Rand,Trowl,rtrowlhg@vimeo.com,Male,113.36.216.242
630,Trudie,McKendry,tmckendryhh@ezinearticles.com,Female,43.21.72.233
631,Bruis,Keddie,bkeddiehi@theguardian.com,Male,50.240.74.84
632,Jarrad,Hannigan,jhanniganhj@freewebs.com,Male,101.181.138.128
633,Erhart,Heymann,eheymannhk@fastcompany.com,Male,110.252.30.197
634,Teresa,Gledhill,tgledhillhl@acquirethisname.com,Female,153.221.3.228
635,Mildrid,Cordell,mcordellhm@yale.edu,Female,87.1.105.85
636,Karry,Albro,kalbrohn@alibaba.com,Female,77.74.83.245
637,Terri,Axelbee,taxelbeeho@vinaora.com,Female,88.45.188.155
638,Gardner,Maruszewski,gmaruszewskihp@weather.com,Male,74.138.154.180
639,Tommie,Tremain,ttremainhq@google.de,Female,6.209.26.125
640,Freddie,Tadd,ftaddhr@constantcontact.com,Male,143.184.104.112
641,Horacio,Headon,hheadonhs@nasa.gov,Male,251.201.30.41
642,Adam,Columbine,acolumbineht@gov.uk,Male,107.225.164.246
643,Jenn,Strephan,jstrephanhu@cnbc.com,Female,201.141.226.156
644,Sorcha,Arlet,sarlethv@netlog.com,Female,9.109.135.236
645,Granny,Craghead,gcragheadhw@hibu.com,Male,141.72.56.141
646,Gaby,Colwell,gcolwellhx@sogou.com,Female,110.97.181.78
647,Letitia,Bunclark,lbunclarkhy@techcrunch.com,Female,56.175.172.103
648,Sim,Duckworth,sduckworthhz@imdb.com,Male,19.119.41.36
649,Lorry,Wallsworth,lwallsworthi0@lulu.com,Female,249.64.181.210
650,Idelle,Lackinton,ilackintoni1@aol.com,Female,136.110.169.237
651,Korella,Dami,kdamii2@toplist.cz,Female,33.192.104.6
652,Hughie,Keightley,hkeightleyi3@nps.gov,Male,218.153.151.185
653,Chrissie,Whyatt,cwhyatti4@mozilla.org,Male,89.205.139.62
654,Helyn,Petzolt,hpetzolti5@timesonline.co.uk,Female,223.25.220.156
655,Petronille,Barosch,pbaroschi6@senate.gov,Female,5.245.69.249
656,Morena,Strute,mstrutei7@msu.edu,Female,90.146.249.164
657,Brendis,Poulston,bpoulstoni8@craigslist.org,Male,78.148.134.7
658,Eileen,Axtell,eaxtelli9@discuz.net,Female,56.228.136.141
659,Chris,Largent,clargentia@symantec.com,Female,217.105.167.3
660,Egan,Cuberley,ecuberleyib@typepad.com,Male,121.70.129.54
661,Marlane,Teacy,mteacyic@va.gov,Female,236.178.247.12
662,Antoni,Hallihan,ahallihanid@dropbox.com,Male,18.25.235.234
663,Willard,Riveles,wrivelesie@auda.org.au,Male,136.208.128.218
664,Randie,Loughren,rloughrenif@wufoo.com,Male,65.11.125.141
665,Domenic,Hinckesman,dhinckesmanig@sakura.ne.jp,Male,108.217.88.154
666,Rudyard,Dallas,rdallasih@icq.com,Male,162.133.243.242
667,Dawna,Floyd,dfloydii@cbslocal.com,Female,209.226.226.243
668,Fabien,Fearnsides,ffearnsidesij@cyberchimps.com,Male,18.255.99.113
669,Isadore,Pirson,ipirsonik@yale.edu,Male,161.34.155.139
670,Giffer,Vynall,gvynallil@geocities.jp,Male,188.226.55.25
671,Constantin,Ansty,canstyim@com.com,Male,141.227.95.129
672,Marley,Sterland,msterlandin@buzzfeed.com,Female,193.68.51.65
673,Sammy,Sager,ssagerio@t-online.de,Male,103.119.187.35
674,Layla,Bartelli,lbartelliip@google.ca,Female,178.142.136.150
675,Virge,Howood,vhowoodiq@google.com.au,Male,183.240.142.160
676,Frans,Hubble,fhubbleir@weebly.com,Male,158.85.137.67
677,Arther,Gillino,agillinois@nifty.com,Male,94.85.66.200
678,Caron,Pavlishchev,cpavlishchevit@va.gov,Female,222.105.220.215
679,Corabel,Enga,cengaiu@tripadvisor.com,Female,160.17.232.30
680,Shandeigh,Caltera,scalteraiv@dell.com,Female,201.25.125.150
681,Cointon,Bazire,cbazireiw@vinaora.com,Male,167.105.121.121
682,Piper,Gray,pgrayix@xinhuanet.com,Female,193.14.28.195
683,Willem,Jandl,wjandliy@people.com.cn,Male,175.161.103.106
684,Adena,Gauld,agauldiz@marketwatch.com,Female,137.252.139.60
685,Rochell,Gladhill,rgladhillj0@yahoo.com,Female,198.217.79.111
686,Casandra,Churchman,cchurchmanj1@google.ca,Female,138.122.95.201
687,Becca,MacAlpyne,bmacalpynej2@pcworld.com,Female,250.147.149.167
688,Taryn,Shoutt,tshouttj3@toplist.cz,Female,226.254.13.242
689,Ricardo,Fishburn,rfishburnj4@lycos.com,Male,45.140.142.207
690,Chauncey,Letherbury,cletherburyj5@g.co,Male,105.235.164.97
691,Rayshell,Harnott,rharnottj6@qq.com,Female,80.26.30.67
692,Enrico,McEwen,emcewenj7@amazon.de,Male,151.248.72.63
693,Robby,Dring,rdringj8@amazon.co.jp,Female,67.89.159.92
694,Lesly,Pluthero,lplutheroj9@cam.ac.uk,Female,16.184.198.249
695,Vitia,Darch,vdarchja@paginegialle.it,Female,82.212.178.218
696,Garreth,Mogford,gmogfordjb@tinyurl.com,Male,171.233.190.56
697,Robenia,Stringfellow,rstringfellowjc@un.org,Female,156.44.195.43
698,Brien,Bleackley,bbleackleyjd@state.tx.us,Male,14.138.114.224
699,Gilles,Benza,gbenzaje@altervista.org,Male,91.30.119.221
700,Kipp,Lowsely,klowselyjf@amazonaws.com,Female,144.143.190.253
701,Lockwood,Duquesnay,lduquesnayjg@free.fr,Male,88.77.160.240
702,Micheil,Brute,mbrutejh@deviantart.com,Male,37.234.217.198
703,Helenka,Bonevant,hbonevantji@about.me,Female,2.143.91.192
704,Byram,Golling,bgollingjj@blogger.com,Male,194.150.110.66
705,Pen,Mulhall,pmulhalljk@studiopress.com,Male,200.4.167.94
706,Paulo,Cruickshank,pcruickshankjl@ezinearticles.com,Male,226.134.198.149
707,Valery,Fayter,vfayterjm@multiply.com,Female,188.121.145.184
708,Ringo,Jaggi,rjaggijn@senate.gov,Male,246.206.144.10
709,Janos,Lovell,jlovelljo@ask.com,Male,208.122.214.110
710,Kev,Stamp,kstampjp@addthis.com,Male,253.97.188.123
711,Karalee,Cowser,kcowserjq@jimdo.com,Female,32.134.10.59
712,Emylee,Clipston,eclipstonjr@berkeley.edu,Female,123.74.86.197
713,Kilian,Quiddington,kquiddingtonjs@boston.com,Male,237.104.116.77
714,Kingsly,McUre,kmcurejt@free.fr,Male,166.11.110.220
715,Matelda,Kull,mkullju@github.com,Female,59.43.229.57
716,Tobie,Dreinan,tdreinanjv@state.gov,Male,49.115.63.85
717,Sindee,Okroy,sokroyjw@ameblo.jp,Female,43.30.96.30
718,Jay,Kleis,jkleisjx@wufoo.com,Male,220.18.70.50
719,Bailey,Pietsma,bpietsmajy@timesonline.co.uk,Male,143.157.160.234
720,Ernesto,Pickerin,epickerinjz@walmart.com,Male,199.12.142.144
721,Karoly,McCaig,kmccaigk0@com.com,Male,26.63.128.101
722,Terza,Edmonson,tedmonsonk1@ftc.gov,Female,103.138.85.174
723,Rudolf,Alejandri,ralejandrik2@taobao.com,Male,14.8.104.207
724,Bayard,Stout,bstoutk3@cloudflare.com,Male,197.146.190.96
725,Idell,Danihelka,idanihelkak4@wired.com,Female,87.80.102.162
726,Chiquia,Otton,cottonk5@homestead.com,Female,115.105.238.99
727,Ki,Maulkin,kmaulkink6@angelfire.com,Female,5.225.52.236
728,Marleen,Osler,moslerk7@barnesandnoble.com,Female,39.228.106.25
729,Darell,Hollows,dhollowsk8@hp.com,Female,244.15.177.185
730,Maryjo,Bolus,mbolusk9@last.fm,Female,98.196.3.252
731,Laurens,Mewha,lmewhaka@aol.com,Male,86.13.122.206
732,Lacee,Stichel,lstichelkb@mlb.com,Female,192.208.61.64
733,Cody,Sauvage,csauvagekc@senate.gov,Female,190.78.153.61
734,Erroll,Maudlin,emaudlinkd@youtube.com,Male,66.38.23.174
735,Sandi,Mancer,smancerke@lulu.com,Female,98.224.42.90
736,Isidoro,Agron,iagronkf@ebay.co.uk,Male,19.155.117.153
737,Duane,Waters,dwaterskg@discuz.net,Male,225.59.68.248
738,Prentiss,Leveritt,pleverittkh@arizona.edu,Male,52.25.209.129
739,Zoe,Maharry,zmaharryki@addtoany.com,Female,33.92.94.180
740,Alyssa,Blaydon,ablaydonkj@adobe.com,Female,178.195.109.158
741,Danica,Dooly,ddoolykk@twitter.com,Female,6.58.187.55
742,Ainsley,Derwin,aderwinkl@ucla.edu,Female,174.98.210.132
743,Leshia,Terran,lterrankm@msn.com,Female,244.83.119.47
744,Margette,Budik,mbudikkn@senate.gov,Female,83.243.229.172
745,Celestia,Willshear,cwillshearko@scientificamerican.com,Female,218.207.208.81
746,Berkeley,Potter,bpotterkp@washingtonpost.com,Male,184.156.62.203
747,Dav,Quickenden,dquickendenkq@gravatar.com,Male,74.79.39.133
748,Verina,Patey,vpateykr@eepurl.com,Female,62.5.94.226
749,Con,Clissett,cclissettks@ucla.edu,Male,7.199.169.203
750,Roderigo,Guilloneau,rguilloneaukt@ucsd.edu,Male,224.65.61.73
751,Jerad,Espinoza,jespinozaku@spiegel.de,Male,189.151.168.16
752,Rachel,Meckiff,rmeckiffkv@buzzfeed.com,Female,45.241.173.118
753,Salome,Honatsch,shonatschkw@dropbox.com,Female,9.213.34.91
754,Tani,Lodo,tlodokx@twitter.com,Female,135.118.102.15
755,Krystal,Vedyasov,kvedyasovky@sun.com,Female,254.157.163.42
756,Fleur,Vader,fvaderkz@sphinn.com,Female,162.195.126.207
757,Quint,Ades,qadesl0@creativecommons.org,Male,19.168.12.117
758,Mathias,Gouley,mgouleyl1@ebay.co.uk,Male,192.125.37.78
759,Dulcinea,Hartburn,dhartburnl2@abc.net.au,Female,84.213.154.107
760,Haley,Grewe,hgrewel3@msu.edu,Male,95.115.90.121
761,Karola,Minthorpe,kminthorpel4@imageshack.us,Female,44.248.120.59
762,Davida,Huitson,dhuitsonl5@nymag.com,Female,7.71.82.107
763,Charmaine,McAnulty,cmcanultyl6@stumbleupon.com,Female,242.193.177.217
764,Birgitta,Birkby,bbirkbyl7@indiegogo.com,Female,54.11.194.78
765,Mac,Olek,molekl8@topsy.com,Male,138.218.140.57
766,Truda,Gedney,tgedneyl9@pinterest.com,Female,60.168.63.105
767,Horatio,Iannelli,hiannellila@lulu.com,Male,40.150.141.167
768,Dar,Heales,dhealeslb@reddit.com,Male,215.171.251.1
769,Caryl,Stretton,cstrettonlc@who.int,Female,1.172.182.148
770,Lora,Rodgman,lrodgmanld@sogou.com,Female,185.7.70.107
771,Denny,Biles,dbilesle@soup.io,Female,110.180.2.212
772,Culley,Coal,ccoallf@slideshare.net,Male,135.6.62.45
773,Jamison,Goold,jgooldlg@hatena.ne.jp,Male,225.6.208.78
774,Jervis,Anthoney,janthoneylh@skype.com,Male,61.244.91.200
775,Corbie,Lapham,claphamli@tmall.com,Male,247.52.229.58
776,Boony,Dulanty,bdulantylj@arstechnica.com,Male,222.6.22.85
777,Gard,Defraine,gdefrainelk@cocolog-nifty.com,Male,89.182.35.52
778,Rosanna,Coxen,rcoxenll@hhs.gov,Female,164.99.41.232
779,Koral,Hallwell,khallwelllm@51.la,Female,217.155.2.6
780,Lizzy,Filliskirk,lfilliskirkln@wiley.com,Female,28.148.47.110
781,Desirae,Rist,dristlo@dedecms.com,Female,247.156.35.97
782,Gage,Polleye,gpolleyelp@ebay.co.uk,Male,122.238.127.102
783,Georgeta,Daglish,gdaglishlq@state.tx.us,Female,125.151.18.66
784,Zared,Ugo,zugolr@weibo.com,Male,2.51.40.205
785,Cassy,Blenkensop,cblenkensopls@gov.uk,Female,0.196.143.30
786,Gennie,Frean,gfreanlt@ft.com,Female,158.236.154.147
787,Bent,Glasard,bglasardlu@blogtalkradio.com,Male,52.117.28.131
788,Goldarina,Wylam,gwylamlv@dyndns.org,Female,114.206.26.167
789,Curtis,Broseman,cbrosemanlw@ebay.co.uk,Male,160.123.209.116
790,Conrad,Glabach,cglabachlx@uol.com.br,Male,251.251.204.127
791,Lodovico,Schettini,lschettinily@multiply.com,Male,184.5.90.34
792,Alard,Opdenorth,aopdenorthlz@mozilla.com,Male,183.160.46.141
793,Leora,Looker,llookerm0@craigslist.org,Female,27.99.150.170
794,Mauricio,Conboy,mconboym1@hao123.com,Male,236.2.12.171
795,Mignon,Mc Gaughey,mmcgaugheym2@imgur.com,Female,159.10.99.50
796,Connor,Clineck,cclineckm3@hexun.com,Male,182.158.158.44
797,Inna,Shakespear,ishakespearm4@nasa.gov,Female,75.223.118.80
798,Troy,Spurgeon,tspurgeonm5@arstechnica.com,Male,32.33.193.213
799,Peyter,Mahoney,pmahoneym6@usnews.com,Male,19.227.11.44
800,Lethia,Hillborne,lhillbornem7@nature.com,Female,205.100.155.140
801,Elora,Lloyd,elloydm8@unc.edu,Female,254.2.222.38
802,Vivien,Sandercroft,vsandercroftm9@miitbeian.gov.cn,Female,23.55.106.45
803,Tammie,Arnaudot,tarnaudotma@seattletimes.com,Female,2.216.222.10
804,Lowrance,Sowten,lsowtenmb@arizona.edu,Male,141.114.19.197
805,Finley,Cummine,fcumminemc@webs.com,Male,73.161.26.77
806,Flora,McGinny,fmcginnymd@skyrock.com,Female,223.77.100.39
807,Anitra,Blampied,ablampiedme@examiner.com,Female,189.130.23.102
808,Ty,Dicky,tdickymf@jugem.jp,Male,177.213.58.172
809,Madelaine,Fellow,mfellowmg@woothemes.com,Female,16.203.15.192
810,Arty,Brinkley,abrinkleymh@infoseek.co.jp,Male,205.223.43.23
811,Stanleigh,Fernanando,sfernanandomi@usgs.gov,Male,64.22.14.156
812,Marcia,Mourgue,mmourguemj@ifeng.com,Female,213.47.59.134
813,Amalea,Crutchfield,acrutchfieldmk@netlog.com,Female,147.111.55.204
814,Charisse,Frissell,cfrissellml@reverbnation.com,Female,225.220.141.110
815,Beryl,Bisacre,bbisacremm@studiopress.com,Female,61.56.193.20
816,Paquito,Stanyard,pstanyardmn@biglobe.ne.jp,Male,210.162.133.1
817,Sherrie,Mc Caughan,smccaughanmo@naver.com,Female,185.4.148.145
818,Hoebart,Garrould,hgarrouldmp@nbcnews.com,Male,65.221.233.198
819,Reynard,Ashman,rashmanmq@independent.co.uk,Male,15.226.49.170
820,Florencia,Perkin,fperkinmr@cam.ac.uk,Female,221.58.91.236
821,Wendall,Payley,wpayleyms@reverbnation.com,Male,20.57.9.38
822,Timmie,Yabsley,tyabsleymt@umich.edu,Female,14.243.115.69
823,Arlin,Linwood,alinwoodmu@vimeo.com,Male,193.35.8.11
824,Isidore,Binnall,ibinnallmv@freewebs.com,Male,29.14.159.172
825,Grata,Gilliver,ggillivermw@buzzfeed.com,Female,33.31.87.170
826,Darline,Furber,dfurbermx@domainmarket.com,Female,26.48.199.212
827,Mair,Balchen,mbalchenmy@newyorker.com,Female,198.115.1.219
828,Boone,Swepstone,bswepstonemz@washington.edu,Male,184.83.251.94
829,Hillier,Redman,hredmann0@blog.com,Male,230.244.16.78
830,Hewie,Densham,hdenshamn1@networkadvertising.org,Male,87.132.15.120
831,Oliy,Pateman,opatemann2@sfgate.com,Female,47.79.38.116
832,Ginnie,Beggio,gbeggion3@time.com,Female,156.168.35.47
833,Euphemia,Bernette,ebernetten4@storify.com,Female,142.186.193.214
834,Barnebas,Fullilove,bfulliloven5@skype.com,Male,20.209.21.255
835,Gustavus,Foystone,gfoystonen6@taobao.com,Male,14.249.68.122
836,Ogdon,Karolowski,okarolowskin7@vk.com,Male,6.231.9.168
837,Kalindi,Gelardi,kgelardin8@mashable.com,Female,238.120.161.64
838,Allie,Strowlger,astrowlgern9@unesco.org,Male,67.234.218.137
839,Adria,Wichard,awichardna@csmonitor.com,Female,88.249.18.203
840,Audrye,Olander,aolandernb@cbc.ca,Female,92.123.9.86
841,Kellen,Prall,kprallnc@icio.us,Male,54.238.120.43
842,Dominik,Sains,dsainsnd@1und1.de,Male,42.159.34.243
843,Elaina,Tessier,etessierne@nba.com,Female,60.110.13.241
844,Maurie,Ringer,mringernf@prweb.com,Male,245.149.3.236
845,Cati,Emsley,cemsleyng@theglobeandmail.com,Female,208.112.223.94
846,Kahlil,MacVicar,kmacvicarnh@ft.com,Male,54.222.116.223
847,Emmeline,Osmond,eosmondni@list-manage.com,Female,206.92.100.106
848,Betsey,Kmiec,bkmiecnj@ucoz.ru,Female,10.183.32.33
849,Dan,Vonderdell,dvonderdellnk@hugedomains.com,Male,20.246.87.60
850,Alyss,Northern,anorthernnl@google.it,Female,94.9.168.22
851,Bab,Bridgland,bbridglandnm@google.nl,Female,148.76.87.147
852,Kippie,McAdam,kmcadamnn@cyberchimps.com,Male,39.4.145.214
853,Karlis,Faich,kfaichno@nymag.com,Male,226.173.198.229
854,Ella,Baggs,ebaggsnp@elpais.com,Female,77.103.35.203
855,Gaven,Aingell,gaingellnq@salon.com,Male,151.12.80.252
856,Alan,Olley,aolleynr@odnoklassniki.ru,Male,194.231.84.196
857,Leola,Rearden,lreardenns@marketwatch.com,Female,184.147.206.39
858,Arvin,Alves,aalvesnt@unesco.org,Male,220.238.251.33
859,Valeda,Ovett,vovettnu@gov.uk,Female,192.228.2.129
860,Lockwood,Nisius,lnisiusnv@g.co,Male,15.144.250.223
861,Jamill,Rhubottom,jrhubottomnw@facebook.com,Male,7.43.40.24
862,Joanna,Faulks,jfaulksnx@hexun.com,Female,159.121.129.57
863,Barbara-anne,De Biaggi,bdebiagginy@umn.edu,Female,211.231.153.213
864,Bearnard,Goodlud,bgoodludnz@friendfeed.com,Male,213.160.52.44
865,Lefty,Bispo,lbispoo0@exblog.jp,Male,41.3.197.234
866,Margette,Wroth,mwrotho1@bloomberg.com,Female,107.189.215.219
867,Midge,Tomasino,mtomasinoo2@geocities.jp,Female,165.118.161.221
868,Marsh,Romayne,mromayneo3@biblegateway.com,Male,205.1.125.228
869,Rolph,Hugk,rhugko4@businesswire.com,Male,5.115.131.99
870,Pamella,Oswald,poswaldo5@army.mil,Female,203.205.56.200
871,Hector,MacGuffie,hmacguffieo6@angelfire.com,Male,27.68.3.150
872,Nancey,Gudgion,ngudgiono7@telegraph.co.uk,Female,23.181.56.117
873,Athena,Hunter,ahuntero8@soup.io,Female,144.111.42.155
874,Zaccaria,Brotherwood,zbrotherwoodo9@vistaprint.com,Male,196.69.98.245
875,Bendite,Francie,bfrancieoa@dyndns.org,Female,185.228.96.157
876,Charil,Buche,cbucheob@bloomberg.com,Female,165.88.244.129
877,Jerrie,Huortic,jhuorticoc@narod.ru,Female,4.221.194.61
878,Davida,Lowbridge,dlowbridgeod@theglobeandmail.com,Female,168.128.164.227
879,Armstrong,Wilsee,awilseeoe@apple.com,Male,148.210.227.206
880,Pru,Rogerot,progerotof@delicious.com,Female,196.79.215.163
881,Bary,Muzzlewhite,bmuzzlewhiteog@taobao.com,Male,77.127.237.110
882,Golda,Kensit,gkensitoh@home.pl,Female,72.235.11.102
883,Teddie,Vaines,tvainesoi@ovh.net,Female,219.243.194.73
884,Swen,Gives,sgivesoj@webmd.com,Male,147.253.237.189
885,Maury,Atwel,matwelok@npr.org,Male,178.52.234.255
886,Georgianna,Bolsover,gbolsoverol@cdbaby.com,Female,220.249.51.9
887,Tobey,Skoggings,tskoggingsom@discuz.net,Female,87.101.9.156
888,Kippy,Tembey,ktembeyon@hatena.ne.jp,Male,231.121.197.140
889,Glynnis,Bysouth,gbysouthoo@umich.edu,Female,79.45.8.201
890,Ciro,Haton,chatonop@huffingtonpost.com,Male,54.225.198.166
891,Katalin,MacTrustram,kmactrustramoq@cnbc.com,Female,44.187.116.67
892,Eliza,Maudsley,emaudsleyor@oracle.com,Female,162.157.29.226
893,Westley,Epine,wepineos@time.com,Male,63.153.65.130
894,Anne-marie,St. Quintin,astquintinot@ning.com,Female,13.136.120.145
895,Marney,Merrett,mmerrettou@aboutads.info,Female,228.164.87.230
896,Nahum,Murkin,nmurkinov@zimbio.com,Male,209.241.208.168
897,Garrik,Groneway,ggronewayow@blogger.com,Male,22.19.172.228
898,Kacy,Teck,kteckox@cpanel.net,Female,18.153.229.93
899,Dyanna,Earwaker,dearwakeroy@ustream.tv,Female,185.87.115.91
900,Bink,Ludovico,bludovicooz@livejournal.com,Male,152.209.35.175
901,Loren,Blenkiron,lblenkironp0@columbia.edu,Female,213.231.14.201
902,Bo,Rief,briefp1@gmpg.org,Male,225.26.2.208
903,Mickie,Slide,mslidep2@answers.com,Male,19.179.84.104
904,Bradan,Daish,bdaishp3@liveinternet.ru,Male,243.106.176.231
905,Noam,Breckin,nbreckinp4@admin.ch,Male,45.126.233.9
906,Demott,Whillock,dwhillockp5@t-online.de,Male,5.216.232.146
907,Eolande,Bentame,ebentamep6@hhs.gov,Female,252.183.125.184
908,Emmalee,Ashfull,eashfullp7@dot.gov,Female,37.86.185.3
909,Matias,Easterling,measterlingp8@intel.com,Male,130.58.110.92
910,Gertruda,Clapperton,gclappertonp9@nature.com,Female,157.159.190.159
911,Berti,Fiddian,bfiddianpa@rediff.com,Male,56.234.255.184
912,Emerson,Strachan,estrachanpb@un.org,Male,152.171.203.145
913,Fitz,Jancy,fjancypc@163.com,Male,15.21.137.107
914,Ric,Johns,rjohnspd@pen.io,Male,174.231.5.164
915,Vaughn,Parkman,vparkmanpe@hc360.com,Male,34.78.95.62
916,Tamma,Blore,tblorepf@archive.org,Female,252.178.202.25
917,Nelie,Belliveau,nbelliveaupg@amazonaws.com,Female,239.64.48.16
918,Francyne,Evett,fevettph@skyrock.com,Female,78.77.184.90
919,Aurea,covino,acovinopi@flickr.com,Female,93.70.53.169
920,Hadrian,Haisell,hhaisellpj@illinois.edu,Male,235.196.219.69
921,Georgena,Felten,gfeltenpk@ed.gov,Female,16.88.55.72
922,Abramo,Brownjohn,abrownjohnpl@cmu.edu,Male,54.197.51.13
923,Obadiah,Galvan,ogalvanpm@photobucket.com,Male,72.154.59.99
924,Bran,Hamon,bhamonpn@freewebs.com,Male,78.1.187.115
925,Darrell,Chantrell,dchantrellpo@kickstarter.com,Male,146.204.83.122
926,Dominica,Dumphreys,ddumphreyspp@kickstarter.com,Female,66.46.72.221
927,Cami,Bemwell,cbemwellpq@hc360.com,Female,88.19.36.166
928,Aldis,Fairlie,afairliepr@columbia.edu,Male,73.102.162.194
929,Annmarie,Ventris,aventrisps@goo.gl,Female,224.46.253.221
930,Harp,McEvon,hmcevonpt@discuz.net,Male,8.37.158.156
931,Terry,Cochrane,tcochranepu@ed.gov,Male,0.119.255.135
932,Emelita,Afield,eafieldpv@amazon.co.uk,Female,95.47.134.186
933,Gal,Kerrod,gkerrodpw@craigslist.org,Male,195.0.177.72
934,Allene,Draysey,adrayseypx@vimeo.com,Female,193.203.237.207
935,Nanon,Grewes,ngrewespy@bandcamp.com,Female,126.227.221.131
936,Truman,Rustedge,trustedgepz@wiley.com,Male,57.77.249.113
937,Othelia,Carff,ocarffq0@ameblo.jp,Female,145.76.34.65
938,Bethena,Matis,bmatisq1@cocolog-nifty.com,Female,104.223.138.52
939,Davey,Gooley,dgooleyq2@zimbio.com,Male,176.67.74.120
940,Kelsi,Shields,kshieldsq3@ifeng.com,Female,125.31.216.9
941,Catlaina,Wreak,cwreakq4@shop-pro.jp,Female,179.4.171.219
942,Gibb,Danielski,gdanielskiq5@smh.com.au,Male,12.224.105.147
943,Joshua,Boame,jboameq6@prnewswire.com,Male,248.147.191.99
944,Erhard,Liddon,eliddonq7@usgs.gov,Male,227.141.124.8
945,Gabriellia,Smurfit,gsmurfitq8@va.gov,Female,59.67.225.227
946,Pris,Aronstein,paronsteinq9@facebook.com,Female,115.211.184.102
947,Raphael,Boyse,rboyseqa@elegantthemes.com,Male,72.121.248.45
948,Godfrey,Matthiesen,gmatthiesenqb@biblegateway.com,Male,239.40.61.22
949,Berkly,Oller,bollerqc@flickr.com,Male,216.49.153.70
950,Zonnya,Loades,zloadesqd@phoca.cz,Female,243.252.133.39
951,Adiana,Fforde,affordeqe@soundcloud.com,Female,129.157.163.117
952,Koressa,Maccrae,kmaccraeqf@comcast.net,Female,111.4.105.77
953,Thomasa,Barfford,tbarffordqg@nytimes.com,Female,55.30.97.230
954,Linus,Slocum,lslocumqh@theglobeandmail.com,Male,235.111.149.66
955,Cleon,Stodd,cstoddqi@nbcnews.com,Male,95.195.216.119
956,Dahlia,Kinvan,dkinvanqj@vistaprint.com,Female,29.197.87.113
957,Marcellus,Renehan,mrenehanqk@yandex.ru,Male,151.217.170.213
958,Crosby,Reedie,creedieql@gravatar.com,Male,139.51.244.190
959,Coretta,Coghill,ccoghillqm@dropbox.com,Female,56.178.5.74
960,Brook,Goodredge,bgoodredgeqn@theatlantic.com,Female,248.70.180.33
961,Munroe,Maraga,mmaragaqo@sbwire.com,Male,55.226.249.2
962,Tull,Nolan,tnolanqp@feedburner.com,Male,29.172.206.63
963,Shellysheldon,Worstall,sworstallqq@army.mil,Male,246.193.41.50
964,Evaleen,Ahren,eahrenqr@soundcloud.com,Female,139.40.127.6
965,Matthias,Kubicek,mkubicekqs@auda.org.au,Male,204.118.69.60
966,Phineas,Grote,pgroteqt@rakuten.co.jp,Male,90.185.208.22
967,Tybalt,MacCaughen,tmaccaughenqu@feedburner.com,Male,163.36.246.163
968,Brodie,Nettles,bnettlesqv@miibeian.gov.cn,Male,190.167.109.100
969,Jarid,Stroobant,jstroobantqw@nationalgeographic.com,Male,38.118.160.112
970,Ray,Brahmer,rbrahmerqx@wordpress.org,Male,116.39.58.8
971,Franni,Grigore,fgrigoreqy@smugmug.com,Female,121.50.32.202
972,Tris,McGavigan,tmcgaviganqz@live.com,Male,129.51.88.12
973,Elsey,Ogers,eogersr0@reverbnation.com,Female,67.27.30.24
974,Chad,Groom,cgroomr1@list-manage.com,Male,40.245.136.72
975,Hewet,MacMaykin,hmacmaykinr2@hostgator.com,Male,234.109.252.241
976,Karil,Sandiland,ksandilandr3@dyndns.org,Female,63.16.174.159
977,Belle,Brend,bbrendr4@godaddy.com,Female,168.128.64.187
978,Winona,Bwye,wbwyer5@g.co,Female,172.127.15.136
979,Charlot,Monk,cmonkr6@sfgate.com,Female,53.220.249.166
980,Kate,Whiteford,kwhitefordr7@bing.com,Female,189.138.130.103
981,Andras,Philps,aphilpsr8@guardian.co.uk,Male,131.79.238.75
982,Antonius,Agge,aagger9@fastcompany.com,Male,196.251.38.15
983,Laina,Bycraft,lbycraftra@desdev.cn,Female,147.99.186.179
984,Paul,Vannikov,pvannikovrb@illinois.edu,Male,185.123.64.0
985,Wyndham,Guare,wguarerc@wikia.com,Male,22.30.16.13
986,Kittie,Skpsey,kskpseyrd@wikimedia.org,Female,181.166.142.35
987,Kurtis,Dudden,kduddenre@techcrunch.com,Male,92.251.21.226
988,Gaston,Swainger,gswaingerrf@reddit.com,Male,164.252.140.217
989,Vittoria,Greenwell,vgreenwellrg@pen.io,Female,57.209.174.89
990,Evangeline,Pursey,epurseyrh@multiply.com,Female,244.55.180.68
991,Berkley,Clampin,bclampinri@ft.com,Male,41.55.49.191
992,Lona,Haws,lhawsrj@1und1.de,Female,82.149.217.232
993,Nicole,Winny,nwinnyrk@hugedomains.com,Female,120.123.234.200
994,Andras,Brinsford,abrinsfordrl@newsvine.com,Male,208.120.155.31
995,Darby,Reyburn,dreyburnrm@soup.io,Male,153.248.210.117
996,Toiboid,Bocking,tbockingrn@bloglines.com,Male,196.216.185.252
997,Hort,Haslewood,hhaslewoodro@opensource.org,Male,174.147.150.11
998,Arnuad,Frend,afrendrp@mtv.com,Male,173.134.198.130
999,Rosamund,Gorgl,rgorglrq@latimes.com,Female,212.207.167.16
1000,Abbott,Driuzzi,adriuzzirr@lycos.com,Male,161.20.214.210
